Core (Products),Core (Chemicals),Core (Support Activities),Core (Logistics),Core (Retail),Core (Processes),Core (Infrastructure),Core (Energy & Utility Terms),Emerging (Renewables),Emerging (Bio-Energy),Emerging (Unrelated)
Crude,plastic,production,warehousing,retail,Refinery,Pipeline,Combustion,solar,biofuel,ridesharing
Shale,polypropylene,manufacture,transportation,retailer,Gasification,Oilfield,Gasfired,photovoltaic,biofuels,hotel
Hydrocarbon,polyethylene,produce,vehicle,supermarket,Distillation,pipeline,energy,solarbased,bioenergia,brewery
Methane,polymer,construction,transport,shop,Cracking,pipe,electric,solarworld,biocatalyst,nutrition
Petroleum,propylene,distributor,automotive,shopping,Coking,rig,electricity,solarpack,biological,telecom
Gas,polystyrene,marketing,delivery,store,Refueling,reservoir,mw,solares,bioenergy,ecommerce
Oil,polyester,supply,logistics,station,Fueling,Wellhead,battery,solarkonzept,bio,network
Gasoline,copolymer,building,cargo,Retailing,exploration,Well,turbine,sunlight,bioethanol,provider
Diesel,polyvinyl,producing,car,sale,mining,Pipelines,capacity,sunpower,biosev,consumer
Ethanol,xylene,manufacturing,shipping,merchant,refining,Borehole,heating,solarbridge,regenerative,lodging
Propane,polysterene,trading,truck,commerce,engineering,LiDAR,megawatt,wind,bioengineering,travelcenters
Petrol,polyurethane,advertising,packing,customer,processing,Wellbore,cogeneration,renewable,biopower,banco
Coke,polyethlyene,supplying,hauling,wholesaler,drilling,Drillships,electrical,renewables,regeneration,booking
Gasohol,polystyrol,constructing,railway,dealer,midstream,Rigs,grid,sustainable,biogaz,rental
coal,polythene,selling,logistical,catalogue,downstream,BOPs,generator,hydroelectric,biotech,catering
lng,polyprophylene,fabrication,trucking,cataloguer,refine,EOR,gigawatthours,cleantech,wastetoenergy,hotell
barrel,polythylene,purchasing,harbor,shopsouvenir,upstream,MWD,highvoltage,wave,bioleo,
condensate,polybutylene,procurement,seaport,Sales,extraction,LWD,Inverters,hydro,bioforming,
benzene,polyblend,sourcing,distribution,,regasification,IPR,Turbines,recycled,bioproducts,
bitumen,Petrolube,develop,storage,,refineria,basin,generated,lightsource,bioreactor,
asphalt,corplubricants,developing,port,,discovery,farm,generates,ecoplastic,biochem,
coking,petroquimica,sell,container,,exploring,lp,furnace,windpower,biosolutions,
butane,chemical,maintenance,warehouse,,pumping,tube,unit,eco,biogas,
kerosene,lubricant,consulting,bunker,,explore,Pumped,heat,ecooils,biomass,
bopd,petrochemical,handling,ship,,explores,Tubing,thermal,seaenergy,biodiesel,
butene,compound,distributing,maersk,,drill,Inflow,compressor,tidal,sugarcane,
fossil,pharmaceutical,welding,railroad,,drilled,tank,efficiency,Electrolysis,biorefineries,
liqufied,fertilizer,imaging,Tankers,,refinement,Farms,generating,OTEC,biochemical,
dlng,ethylene,repairing,sea,,surveying,creek,galvanized,ocean,biochemtex,
Fuel,pvc,billing,coast,,sensing,deepwater,regulator,plant,biogazowa,
engine,additive,sales,marine,,lcm,rifle,outlet,pv,bioprocesses,
Oilgas,catalyst,HR,submarine,,Directional,valve,exhaust,hydros,biorefinery,
Petrolium,lubricating,wholesale,maritime,,Rotary,Leak,Units,energetici,lfg,
Petroli,olefin,business,travel,,Blowout,cylinder,Furnaces,natureworks,biotechnology,
Petroleos,lube,manufacturer,automobile,,Alkylation,cavern,Power,terra,botanical,
Gasrelated,butadiene,industrial,transit,,Isomerization,coalbed,inverter,atmospheric,enzyme,
Gasrec,aromatics,technology,passenger,,Stratigraphy,sink,powergen,cloud,,
Petroluem,thermoplastic,industry,ford,,Petrology,ductor,powertrain,energetica,,
Petrolera,textile,market,freight,,Sedimentology,finpipe,propulsion,energeticas,,
gallon,solvent,producer,parcel,,Stratigraphic,shalebased,micropower,environment,,
gasfueled,thiochemicals,financial,bus,,Hydrocracking,Tanks,molten,environmentally,,
gasinvest,bauxite,acquisition,drive,,Hydrotreating,Pumps,tesla,Plants,,
water,mtbe,produced,truckstop,,Hydrodesulfurization,Mud,emission,nature,,
fluid,acetylene,vendor,tow,,Geology,piped,Reactors,environmental,,
liquide,oleochemicals,acquires,destination,,SAGD,piston,reactor,nuclear,,
grease,acetate,revenue,vehicular,,Dehydrogenation,plumbing,,,,
liquor,ammonia,marketed,traffic,,CSS,pump,,,,
rock,ammonium,industriale,towing,,FCC,,,,,
gasket,aromatic,factory,transporte,,PSA,,,,,
condes,bicarbonate,build,facility,,Drainage,,,,,
octanex,biobutanol,stock,infrastructure,,refined,,,,,
toilet,chlorochemicals,purchase,transmission,,Sands,,,,,
carbide,ethylbenzene,processed,packaging,,mapping,,,,,
catalytic,fertiliser,enterprise,aircraft,,process,,,,,
Vapor,herbicide,trader,courier,,study,,,,,
coolant,isophtheric,constructed,subway,,hydraulic,,,,,
Boilers,isopropyl,supplier,Trucks,,flow,,,,,
hydrogenfuelled,oleochemical,industria,carrier,,geological,,,,,
lignite,mbpd,making,deliver,,refines,,,,,
pine,petrochemistry,make,highway,,blending,,,,,
pollution,phosphate,built,postal,,remediation,,,,,
pygas,phosphorus,engineered,route,,reprocess,,,,,
mortar,butadine,composed,Drives,,concentrated,,,,,
exxon,cfc,acquiring,airport,,convey,,,,,
exxonmobil,Lubricants,industrials,place,,Pressure,,,,,
chevron,Olefins,corpfilling,stations,,expertise,,,,,
cement,Polymerization,produkte,airborne,,Processes,,,,,
waste,Pyrolysis,corporate,package,,Project,,,,,
concrete,Chemicals,delivering,tanker,,Studies,,,,,
hydrogen,inorganic,development,transportadora,,gi,,,,,
liquefied,organic,equipment,trolley,,limestone,,,,,
hydrothermal,synthetic,establishment,vessel,,liquefying,,,,,
liquid,composite,management,carport,,plating,,,,,
sewage,lubricated,operate,dealership,,scientific,,,,,
,hydrated,operates,fleet,,Ground,,,,,
,hydrochloric,operating,shipment,,seismic,,,,,
,nitrogenous,operation,Carriers,,sand,,,,,
,Reaction,service,Facilities,,,,,,,
,drug,software,Cars,,,,,,,
,Hydrate,Services,landfill,,,,,,,
,foam,design,military,,,,,,,
,Synthesis,maintaining,Crew,,,,,,,
,Chemistry,manage,tacoma,,,,,,,
,hydrogenrich,managed,airline,,,,,,,
,minerales,manages,offshore,,,,,,,
,Contaminant,developer,aviation,,,,,,,
,mineral,machinery,,,,,,,,
,uranium,repair,,,,,,,,
,silicate,commodity,,,,,,,,
,,servicing,,,,,,,,
,,distributes,,,,,,,,
,,specializing,,,,,,,,
,,Coordination,,,,,,,,
,,designing,,,,,,,,
,,distribute,,,,,,,,
,,exchange,,,,,,,,
,,growth,,,,,,,,
,,ltdmarketing,,,,,,,,
,,machining,,,,,,,,
,,maintain,,,,,,,,
,,managing,,,,,,,,
,,operational,,,,,,,,
,,partnership,,,,,,,,
,,farming,,,,,,,,
,,program,,,,,,,,
,,proprietary,,,,,,,,
,,woodworking,,,,,,,,
,,deves,,,,,,,,
,,strategic,,,,,,,,
,,training,,,,,,,,
,,assembly,,,,,,,,
,,resale,,,,,,,,
,,resells,,,,,,,,
,,tech,,,,,,,,
,,branded,,,,,,,,
,,commercially,,,,,,,,
,,contracting,,,,,,,,
,,cooperative,,,,,,,,
,,developement,,,,,,,,
,,organizing,,,,,,,,
,,engineer,,,,,,,,
,,finishing,,,,,,,,
,,formation,,,,,,,,
,,foundry,,,,,,,,
,,Programs,,,,,,,,
,,Quality,,,,,,,,
,,Operations,,,,,,,,
,,planning,,,,,,,,
,,productive,,,,,,,,
,,prospecting,,,,,,,,
,,merger,,,,,,,,
,,Inventory,,,,,,,,
,,company,,,,,,,,
,,gmbhs,,,,,,,,
,,llc,,,,,,,,
,,corp,,,,,,,,
,,subsidiary,,,,,,,,
,,corporation,,,,,,,,